<?xml version="1.0" encoding="UTF-8"?>
<actions>
    <action>
        <triggers>
            <keyword>open</keyword>
            <keyword>unlock</keyword>
        </triggers>
        <subjects>
            <entity>trapdoor</entity>
            <entity>key</entity>
        </subjects>
        <consumed>
            <entity>key</entity>
        </consumed>
        <produced>
            <entity>cellar</entity>
        </produced>
        <narration>You unlock the door and see steps leading down into a cellar</narration>
    </action>

    <action>
        <triggers>
            <keyword>chop</keyword>
            <keyword>cut</keyword>
            <keyword>cutdown</keyword>
        </triggers>
        <subjects>
            <entity>tree</entity>
            <entity>axe</entity>
        </subjects>
        <consumed>
            <entity>tree</entity>
        </consumed>
        <produced>
            <entity>log</entity>
        </produced>
        <narration>You cut down the tree with the axe</narration>
    </action>

    <action>
        <triggers>
            <keyword>drink</keyword>
        </triggers>
        <subjects>
            <entity>potion</entity>
        </subjects>
        <consumed>
            <entity>potion</entity>
        </consumed>
        <produced>
            <entity>health</entity>
        </produced>
        <narration>You drink the potion and your health improves</narration>
    </action>

    <action>
        <triggers>
            <keyword>fight</keyword>
            <keyword>hit</keyword>
            <keyword>attack</keyword>
        </triggers>
        <subjects>
            <entity>elf</entity>
        </subjects>
        <consumed>
            <entity>health</entity>
        </consumed>
        <produced>
        </produced>
        <narration>You attack the elf, but he fights back and you lose some health</narration>
    </action>

    <action>
        <triggers>
            <keyword>pay</keyword>
        </triggers>
        <subjects>
            <entity>elf</entity>
            <entity>coin</entity>
        </subjects>
        <consumed>
            <entity>coin</entity>
        </consumed>
        <produced>
            <entity>shovel</entity>
        </produced>
        <narration>You pay the elf your silver coin and he produces a shovel</narration>
    </action>

    <action>
        <triggers>
            <keyword>bridge</keyword>
        </triggers>
        <subjects>
            <entity>log</entity>
            <entity>river</entity>
        </subjects>
        <consumed>
            <entity>log</entity>
        </consumed>
        <produced>
            <entity>clearing</entity>
        </produced>
        <narration>You bridge the river with the log and can now reach the other side</narration>
    </action>

    <action>
        <triggers>
            <keyword>dig</keyword>
        </triggers>
        <subjects>
            <entity>ground</entity>
            <entity>shovel</entity>
        </subjects>
        <consumed>
            <entity>ground</entity>
        </consumed>
        <produced>
            <entity>hole</entity>
            <entity>gold</entity>
        </produced>
        <narration>You dig into the soft ground and unearth a pot of gold !!!</narration>
    </action>

    <action>
        <triggers>
            <keyword>blow</keyword>
        </triggers>
        <subjects>
            <entity>horn</entity>
        </subjects>
        <consumed>
        </consumed>
        <produced>
            <entity>lumberjack</entity>
        </produced>
        <narration>You blow the horn and as if by magic, a lumberjack appears !</narration>
    </action>

</actions>
